Producto,Precio
Procesador gamer Intel Core i5 10400F BX8070110400F de 6 núcleos y 4.3GHz de frecuencia,22.899
Pc Armada Cpu Amd Full Gamer A10-9700 16gb Ddr4 2400mhz 1080p Hdmi,84.999
Procesador AMD Ryzen 5 5600X 100-100000065BOX de 6 núcleos y 4.6GHz de frecuencia,39.299
Procesador gamer AMD Ryzen 5 3600 100-100000031BOX de 6 núcleos y 4.2GHz de frecuencia,37.999
Procesador Intel Core i7-10700 BX8070110700 de 8 núcleos y 4.8GHz de frecuencia con gráfica integrada,41.998
"MacBook Air A1466 silver 13.3"", Intel Core i5 5350U  8GB de RAM 128GB SSD, Intel HD Graphics 6000 1440x900px macOS Sierra 10",154.999
Combo Mineria Intel Celeron G4930 + Z390-p + 8gb + 6 Risers,87.599
Procesador gamer AMD Ryzen 5 1600 YD1600BBAFBOX de 6 núcleos y 3.6GHz de frecuencia,24.600
Procesador gamer Intel Core i7 10700K BX8070110700K de 8 núcleos y 5.1GHz de frecuencia con gráfica integrada,49.899
Combo Mineria Intel Celeron G4930 + Mother Z390-p + 8gb,76.199
Computadora Cpu Pc Solarmax Intel Core I7 9700 32gb 480g Ssd,110.290
Procesador gamer AMD Ryzen 7 3700X 100-100000071BOX de 8 núcleos y 4.4GHz de frecuencia,50.788
Procesador gamer Intel Core i9 10900 BX8070110900 de 10 núcleos y 5.2GHz de frecuencia con gráfica integrada,58.599
"Notebook Noblex N14W21 plateada 14.1"", Intel Celeron N3350  4GB de RAM 500GB HDD, Intel HD Graphics 500 1366x768px Windows 10 Home",47.300
Combo Actualizacion Pc Intel I7 9700 16gb B365 M Aorus Elite,72.999
Procesador AMD Ryzen 7 5800X 100-100000063WOF de 8 núcleos y 4.7GHz de frecuencia,59.099
Procesador gamer AMD Ryzen 5 3400G YD3400C5FHBOX de 4 núcleos y 4.2GHz de frecuencia con gráfica integrada,55.999
Combo Kit Actualizacion Mother E6010n + Micro Amd + 8 Gb Ram,18.500
Combo Mineria Intel Celeron G4930 + Z390-p + 8gb + 6 Risers,87.599
Computadora Cpu Pc Solarmax Intel Core I7 9700 32gb 480g Ssd,110.290
Combo Actualización Pc Amd Ryzen 5 5600x + B550 + 16gb Ddr4,65.999
Procesador gamer Intel Core i5 10600K BX8070110600K de 6 núcleos y 4.8GHz de frecuencia con gráfica integrada,33.099
Combo Mineria Intel Celeron G4930 + Mother Z390-p C/6 Slots,69.299
Procesador Intel Core i3-10100F BX8070110100F de 4 núcleos y 4.3GHz de frecuencia,16.898
"Router, WISP, Access point, Repetidor Tenda AC8 negro 100V/240V",4.248
Computadora Cpu Pc Solarmax Intel Core I7 9700 9a 16 480 Ssd,96.690
Combo Pc Actualizacion Ryzen 7 3700x B450 Aorus Elite + 8gb,69.999
Procesador Intel Core 10700F BX8070110700F de 8 núcleos y 4.8GHz de frecuencia,37.999
Procesador gamer Intel Core i9 10850K BX8070110850K de 10 núcleos y 5.2GHz de frecuencia con gráfica integrada,63.999
Procesador Intel Core i7-9700 BX80684I79700 de 8 núcleos y 4.7GHz de frecuencia con gráfica integrada,39.898
Combo Actualización Pc Amd Ryzen 5 5600x + B550 Am4 Ddr4 M.2,57.899
Procesador Intel Celeron G5905 BX80701G5905 de 2 núcleos y 3.5GHz de frecuencia con gráfica integrada,10.579
Router MikroTik RouterBOARD hEX S RB760iGS gris,9.999
Procesador gamer AMD Ryzen 9 3900X 100-100000023BOX de 12 núcleos y 4.6GHz de frecuencia,76.999
Procesador gamer Intel Core i9 10900F BX8070110900F de 10 núcleos y 5.2GHz de frecuencia,56.990
Procesador gamer Intel Core i7-9700F BX80684I79700F de 8 núcleos y 4.7GHz de frecuencia,36.498
Combo Actualizacion Pc Intel I7 9700 8gb B365 M Aorus Elite,61.999
Procesador Intel Core i3 10100 BX8070110100 de 4 núcleos y 4.3GHz de frecuencia con gráfica integrada,23.500
Combo Kit Actualizacion Mother E6010n + Micro Amd + 2 Gb Ram,9.999
Procesador AMD Ryzen 9 3950X 100-100000051WOF de 16 núcleos y 4.7GHz de frecuencia,105.999
Pc De Escritorio Armada Completa Cpu Computadora I5 8gb 1tb O Ssd,51.300
Pc Armada Cpu Computadora I5 8gb 1tb O Ssd - Cuotas,48.735
Procesador gamer AMD Ryzen 9 5900X 100-100000061WOF de 12 núcleos y 4.8GHz de frecuencia,63.600
Pc Armada Amd Cpu A6 7480 Fm2 Hdmi Ddr3 8gb Ssd 240 Win10,60.420
Procesador gamer Intel Core 10400 BX8070110400 de 6 núcleos y 4.3GHz de frecuencia con gráfica integrada,84.000
Procesador gamer AMD Ryzen 3 3200G YD3200C5FHBOX de 4 núcleos y 4GHz de frecuencia con gráfica integrada,41.999
Combo Kit Actualizacion Mother E6010n + Micro Amd + 4gb Ram,37.494
Router MikroTik RouterBOARD hEX RB750Gr3 blanco y turquesa,41.500
Pc Gamer Armada Pro Cpu Intel Core I9 9900 8gb Ddr4 1tb Hdmi,15.500
Combo Actualizacion Pc Intel 9700f 8gb B365 M Aorus Elite,8.292
